x-axis,2
second,Volt
-2.600000E-06,+361.809041351E-03
-2.597400E-06,+369.346729713E-03
-2.594800E-06,+361.809041351E-03
-2.592200E-06,+361.809041351E-03
-2.589600E-06,+351.758790202E-03
-2.587000E-06,+399.497483158E-03
-2.584400E-06,+361.809041351E-03
-2.581800E-06,+361.809041351E-03
-2.579200E-06,+402.010045946E-03
-2.576600E-06,+361.809041351E-03
-2.574000E-06,+359.296478564E-03
-2.571400E-06,+369.346729713E-03
-2.568800E-06,+361.809041351E-03
-2.566200E-06,+336.683413479E-03
-2.563600E-06,+361.809041351E-03
-2.561000E-06,+361.809041351E-03
-2.558400E-06,+391.959794797E-03
-2.555800E-06,+336.683413479E-03
-2.553200E-06,+402.010045946E-03
-2.550600E-06,+402.010045946E-03
-2.548000E-06,+361.809041351E-03
-2.545400E-06,+417.085422669E-03
-2.542800E-06,+376.884418074E-03
-2.540200E-06,+361.809041351E-03
-2.537600E-06,+384.422106436E-03
-2.535000E-06,+361.809041351E-03
-2.532400E-06,+351.758790202E-03
-2.529800E-06,+336.683413479E-03
-2.527200E-06,+376.884418074E-03
-2.524600E-06,+402.010045946E-03
-2.522000E-06,+361.809041351E-03
-2.519400E-06,+361.809041351E-03
-2.516800E-06,+361.809041351E-03
-2.514200E-06,+296.482408885E-03
-2.511600E-06,+361.809041351E-03
-2.509000E-06,+361.809041351E-03
-2.506400E-06,+361.809041351E-03
-2.503800E-06,+376.884418074E-03
-2.501200E-06,+344.221101841E-03
-2.498600E-06,+369.346729713E-03
-2.496000E-06,+361.809041351E-03
-2.493400E-06,+329.145725118E-03
-2.490800E-06,+344.221101841E-03
-2.488200E-06,+344.221101841E-03
-2.485600E-06,+311.557785608E-03
-2.483000E-06,+321.608036757E-03
-2.480400E-06,+321.608036757E-03
-2.477800E-06,+321.608036757E-03
-2.475200E-06,+321.608036757E-03
-2.472600E-06,+321.608036757E-03
-2.470000E-06,+319.095473969E-03
-2.467400E-06,+336.683413479E-03
-2.464800E-06,+321.608036757E-03
-2.462200E-06,+321.608036757E-03
-2.459600E-06,+311.557785608E-03
-2.457000E-06,+321.608036757E-03
-2.454400E-06,+351.758790202E-03
-2.451800E-06,+311.557785608E-03
-2.449200E-06,+336.683413479E-03
-2.446600E-06,+321.608036757E-03
-2.444000E-06,+321.608036757E-03
-2.441400E-06,+351.758790202E-03
-2.438800E-06,+361.809041351E-03
-2.436200E-06,+321.608036757E-03
-2.433600E-06,+384.422106436E-03
-2.431000E-06,+359.296478564E-03
-2.428400E-06,+311.557785608E-03
-2.425800E-06,+351.758790202E-03
-2.423200E-06,+361.809041351E-03
-2.420600E-06,+361.809041351E-03
-2.418000E-06,+281.407032162E-03
-2.415400E-06,+321.608036757E-03
-2.412800E-06,+321.608036757E-03
-2.410200E-06,+296.482408885E-03
-2.407600E-06,+311.557785608E-03
-2.405000E-06,+321.608036757E-03
-2.402400E-06,+281.407032162E-03
-2.399800E-06,+304.020097246E-03
-2.397200E-06,+288.944720523E-03
-2.394600E-06,+288.944720523E-03
-2.392000E-06,+321.608036757E-03
-2.389400E-06,+288.944720523E-03
-2.386800E-06,+321.608036757E-03
-2.384200E-06,+281.407032162E-03
-2.381600E-06,+281.407032162E-03
-2.379000E-06,+319.095473969E-03
-2.376400E-06,+256.281404290E-03
-2.373800E-06,+256.281404290E-03
-2.371200E-06,+304.020097246E-03
-2.368600E-06,+288.944720523E-03
-2.366000E-06,+281.407032162E-03
-2.363400E-06,+321.608036757E-03
-2.360800E-06,+256.281404290E-03
-2.358200E-06,+296.482408885E-03
-2.355600E-06,+271.356781013E-03
-2.353000E-06,+241.206027567E-03
-2.350400E-06,+281.407032162E-03
-2.347800E-06,+256.281404290E-03
-2.345200E-06,+271.356781013E-03
-2.342600E-06,+281.407032162E-03
-2.340000E-06,+241.206027567E-03
-2.337400E-06,+304.020097246E-03
-2.334800E-06,+296.482408885E-03
-2.332200E-06,+256.281404290E-03
-2.329600E-06,+271.356781013E-03
-2.327000E-06,+241.206027567E-03
-2.324400E-06,+271.356781013E-03
-2.321800E-06,+256.281404290E-03
-2.319200E-06,+281.407032162E-03
-2.316600E-06,+248.743715929E-03
-2.314000E-06,+241.206027567E-03
-2.311400E-06,+281.407032162E-03
-2.308800E-06,+281.407032162E-03
-2.306200E-06,+241.206027567E-03
-2.303600E-06,+281.407032162E-03
-2.301000E-06,+281.407032162E-03
-2.298400E-06,+271.356781013E-03
-2.295800E-06,+281.407032162E-03
-2.293200E-06,+263.819092652E-03
-2.290600E-06,+248.743715929E-03
-2.288000E-06,+281.407032162E-03
-2.285400E-06,+248.743715929E-03
-2.282800E-06,+281.407032162E-03
-2.280200E-06,+263.819092652E-03
-2.277600E-06,+241.206027567E-03
-2.275000E-06,+241.206027567E-03
-2.272400E-06,+248.743715929E-03
-2.269800E-06,+241.206027567E-03
-2.267200E-06,+263.819092652E-03
-2.264600E-06,+241.206027567E-03
-2.262000E-06,+241.206027567E-03
-2.259400E-06,+271.356781013E-03
-2.256800E-06,+241.206027567E-03
-2.254200E-06,+241.206027567E-03
-2.251600E-06,+241.206027567E-03
-2.249000E-06,+241.206027567E-03
-2.246400E-06,+241.206027567E-03
-2.243800E-06,+216.080399696E-03
-2.241200E-06,+216.080399696E-03
-2.238600E-06,+281.407032162E-03
-2.236000E-06,+201.005022973E-03
-2.233400E-06,+263.819092652E-03
-2.230800E-06,+256.281404290E-03
-2.228200E-06,+216.080399696E-03
-2.225600E-06,+304.020097246E-03
-2.223000E-06,+278.894469375E-03
-2.220400E-06,+231.155776419E-03
-2.217800E-06,+216.080399696E-03
-2.215200E-06,+256.281404290E-03
-2.212600E-06,+241.206027567E-03
-2.210000E-06,+201.005022973E-03
-2.207400E-06,+241.206027567E-03
-2.204800E-06,+241.206027567E-03
-2.202200E-06,+201.005022973E-03
-2.199600E-06,+208.542711334E-03
-2.197000E-06,+241.206027567E-03
-2.194400E-06,+201.005022973E-03
-2.191800E-06,+241.206027567E-03
-2.189200E-06,+248.743715929E-03
-2.186600E-06,+241.206027567E-03
-2.184000E-06,+238.693464780E-03
-2.181400E-06,+216.080399696E-03
-2.178800E-06,+216.080399696E-03
-2.176200E-06,+216.080399696E-03
-2.173600E-06,+201.005022973E-03
-2.171000E-06,+201.005022973E-03
-2.168400E-06,+241.206027567E-03
-2.165800E-06,+175.879395101E-03
-2.163200E-06,+216.080399696E-03
-2.160600E-06,+168.341706740E-03
-2.158000E-06,+160.804018378E-03
-2.155400E-06,+201.005022973E-03
-2.152800E-06,+201.005022973E-03
-2.150200E-06,+216.080399696E-03
-2.147600E-06,+231.155776419E-03
-2.145000E-06,+160.804018378E-03
-2.142400E-06,+231.155776419E-03
-2.139800E-06,+201.005022973E-03
-2.137200E-06,+216.080399696E-03
-2.134600E-06,+241.206027567E-03
-2.132000E-06,+201.005022973E-03
-2.129400E-06,+231.155776419E-03
-2.126800E-06,+201.005022973E-03
-2.124200E-06,+201.005022973E-03
-2.121600E-06,+231.155776419E-03
-2.119000E-06,+201.005022973E-03
-2.116400E-06,+190.954771824E-03
-2.113800E-06,+190.954771824E-03
-2.111200E-06,+201.005022973E-03
-2.108600E-06,+223.618088057E-03
-2.106000E-06,+201.005022973E-03
-2.103400E-06,+223.618088057E-03
-2.100800E-06,+223.618088057E-03
-2.098200E-06,+175.879395101E-03
-2.095600E-06,+201.005022973E-03
-2.093000E-06,+201.005022973E-03
-2.090400E-06,+190.954771824E-03
-2.087800E-06,+201.005022973E-03
-2.085200E-06,+183.417083463E-03
-2.082600E-06,+201.005022973E-03
-2.080000E-06,+238.693464780E-03
-2.077400E-06,+201.005022973E-03
-2.074800E-06,+183.417083463E-03
-2.072200E-06,+160.804018378E-03
-2.069600E-06,+160.804018378E-03
-2.067000E-06,+201.005022973E-03
-2.064400E-06,+168.341706740E-03
-2.061800E-06,+183.417083463E-03
-2.059200E-06,+201.005022973E-03
-2.056600E-06,+160.804018378E-03
-2.054000E-06,+160.804018378E-03
-2.051400E-06,+160.804018378E-03
-2.048800E-06,+183.417083463E-03
-2.046200E-06,+175.879395101E-03
-2.043600E-06,+190.954771824E-03
-2.041000E-06,+160.804018378E-03
-2.038400E-06,+190.954771824E-03
-2.035800E-06,+175.879395101E-03
-2.033200E-06,+175.879395101E-03
-2.030600E-06,+190.954771824E-03
-2.028000E-06,+160.804018378E-03
-2.025400E-06,+190.954771824E-03
-2.022800E-06,+160.804018378E-03
-2.020200E-06,+135.678390507E-03
-2.017600E-06,+160.804018378E-03
-2.015000E-06,+160.804018378E-03
-2.012400E-06,+190.954771824E-03
-2.009800E-06,+150.753767230E-03
-2.007200E-06,+183.417083463E-03
-2.004600E-06,+201.005022973E-03
-2.002000E-06,+160.804018378E-03
-1.999400E-06,+160.804018378E-03
-1.996800E-06,+183.417083463E-03
-1.994200E-06,+160.804018378E-03
-1.991600E-06,+160.804018378E-03
-1.989000E-06,+160.804018378E-03
-1.986400E-06,+150.753767230E-03
-1.983800E-06,+168.341706740E-03
-1.981200E-06,+183.417083463E-03
-1.978600E-06,+160.804018378E-03
-1.976000E-06,+198.492460186E-03
-1.973400E-06,+160.804018378E-03
-1.970800E-06,+160.804018378E-03
-1.968200E-06,+160.804018378E-03
-1.965600E-06,+150.753767230E-03
-1.963000E-06,+160.804018378E-03
-1.960400E-06,+160.804018378E-03
-1.957800E-06,+135.678390507E-03
-1.955200E-06,+143.216078868E-03
-1.952600E-06,+150.753767230E-03
-1.950000E-06,+158.291455591E-03
-1.947400E-06,+160.804018378E-03
-1.944800E-06,+110.552762635E-03
-1.942200E-06,+160.804018378E-03
-1.939600E-06,+128.140702145E-03
-1.937000E-06,+120.603013784E-03
-1.934400E-06,+150.753767230E-03
-1.931800E-06,+135.678390507E-03
-1.929200E-06,+135.678390507E-03
-1.926600E-06,+160.804018378E-03
-1.924000E-06,+80.402009189E-03
-1.921400E-06,+150.753767230E-03
-1.918800E-06,+160.804018378E-03
-1.916200E-06,+135.678390507E-03
-1.913600E-06,+150.753767230E-03
-1.911000E-06,+120.603013784E-03
-1.908400E-06,+150.753767230E-03
-1.905800E-06,+150.753767230E-03
-1.903200E-06,+120.603013784E-03
-1.900600E-06,+160.804018378E-03
-1.898000E-06,+120.603013784E-03
-1.895400E-06,+128.140702145E-03
-1.892800E-06,+160.804018378E-03
-1.890200E-06,+120.603013784E-03
-1.887600E-06,+150.753767230E-03
-1.885000E-06,+160.804018378E-03
-1.882400E-06,+120.603013784E-03
-1.879800E-06,+120.603013784E-03
-1.877200E-06,+143.216078868E-03
-1.874600E-06,+160.804018378E-03
-1.872000E-06,+120.603013784E-03
-1.869400E-06,+160.804018378E-03
-1.866800E-06,+143.216078868E-03
-1.864200E-06,+135.678390507E-03
-1.861600E-06,+120.603013784E-03
-1.859000E-06,+158.291455591E-03
-1.856400E-06,+120.603013784E-03
-1.853800E-06,+120.603013784E-03
-1.851200E-06,+160.804018378E-03
-1.848600E-06,+120.603013784E-03
-1.846000E-06,+80.402009189E-03
-1.843400E-06,+128.140702145E-03
-1.840800E-06,+95.477385912E-03
-1.838200E-06,+135.678390507E-03
-1.835600E-06,+120.603013784E-03
-1.833000E-06,+118.090450997E-03
-1.830400E-06,+150.753767230E-03
-1.827800E-06,+120.603013784E-03
-1.825200E-06,+120.603013784E-03
-1.822600E-06,+150.753767230E-03
-1.820000E-06,+120.603013784E-03
-1.817400E-06,+150.753767230E-03
-1.814800E-06,+135.678390507E-03
-1.812200E-06,+120.603013784E-03
-1.809600E-06,+150.753767230E-03
-1.807000E-06,+158.291455591E-03
-1.804400E-06,+120.603013784E-03
-1.801800E-06,+95.477385912E-03
-1.799200E-06,+120.603013784E-03
-1.796600E-06,+128.140702145E-03
-1.794000E-06,+80.402009189E-03
-1.791400E-06,+110.552762635E-03
-1.788800E-06,+135.678390507E-03
-1.786200E-06,+103.015074274E-03
-1.783600E-06,+120.603013784E-03
-1.781000E-06,+120.603013784E-03
-1.778400E-06,+87.939697551E-03
-1.775800E-06,+120.603013784E-03
-1.773200E-06,+143.216078868E-03
-1.770600E-06,+120.603013784E-03
-1.768000E-06,+80.402009189E-03
-1.765400E-06,+87.939697551E-03
-1.762800E-06,+120.603013784E-03
-1.760200E-06,+103.015074274E-03
-1.757600E-06,+110.552762635E-03
-1.755000E-06,+158.291455591E-03
-1.752400E-06,+87.939697551E-03
-1.749800E-06,+80.402009189E-03
-1.747200E-06,+120.603013784E-03
-1.744600E-06,+80.402009189E-03
-1.742000E-06,+80.402009189E-03
-1.739400E-06,+120.603013784E-03
-1.736800E-06,+80.402009189E-03
-1.734200E-06,+95.477385912E-03
-1.731600E-06,+110.552762635E-03
-1.729000E-06,+118.090450997E-03
-1.726400E-06,+143.216078868E-03
-1.723800E-06,+80.402009189E-03
-1.721200E-06,+95.477385912E-03
-1.718600E-06,+120.603013784E-03
-1.716000E-06,+40.201004595E-03
-1.713400E-06,+143.216078868E-03
-1.710800E-06,+120.603013784E-03
-1.708200E-06,+95.477385912E-03
-1.705600E-06,+143.216078868E-03
-1.703000E-06,+120.603013784E-03
-1.700400E-06,+110.552762635E-03
-1.697800E-06,+70.351758040E-03
-1.695200E-06,+80.402009189E-03
-1.692600E-06,+80.402009189E-03
-1.690000E-06,+80.402009189E-03
-1.687400E-06,+110.552762635E-03
-1.684800E-06,+95.477385912E-03
-1.682200E-06,+55.276381318E-03
-1.679600E-06,+87.939697551E-03
-1.677000E-06,+80.402009189E-03
-1.674400E-06,+80.402009189E-03
-1.671800E-06,+80.402009189E-03
-1.669200E-06,+103.015074274E-03
-1.666600E-06,+87.939697551E-03
-1.664000E-06,+80.402009189E-03
-1.661400E-06,+47.738692956E-03
-1.658800E-06,+62.814069679E-03
-1.656200E-06,+0.0E+00
-1.653600E-06,-40.201004595E-03
-1.651000E-06,-80.402009189E-03
-1.648400E-06,-160.804018378E-03
-1.645800E-06,-296.482408885E-03
-1.643200E-06,-384.422106436E-03
-1.640600E-06,-472.361803986E-03
-1.638000E-06,-562.814064324E-03
-1.635400E-06,-683.417078108E-03
-1.632800E-06,-844.221096486E-03
-1.630200E-06,-907.035166165E-03
-1.627600E-06,-954.773859121E-03
-1.625000E-06,-1.045226119459E+00
-1.622400E-06,-1.133165817009E+00
-1.619800E-06,-1.221105514560E+00
-1.617200E-06,-1.268844207516E+00
-1.614600E-06,-1.286432147026E+00
-1.612000E-06,-1.366834156215E+00
-1.609400E-06,-1.422110537533E+00
-1.606800E-06,-1.447236165404E+00
-1.604200E-06,-1.447236165404E+00
-1.601600E-06,-1.414572849171E+00
-1.599000E-06,-1.447236165404E+00
-1.596400E-06,-1.437185914256E+00
-1.593800E-06,-1.374371844577E+00
-1.591200E-06,-1.301507523749E+00
-1.588600E-06,-1.276381895877E+00
-1.586000E-06,-1.243718579644E+00
-1.583400E-06,-1.165829133242E+00
-1.580800E-06,-1.085427124053E+00
-1.578200E-06,-1.045226119459E+00
-1.575600E-06,-932.160794036E-03
-1.573000E-06,-844.221096486E-03
-1.570400E-06,-804.020091891E-03
-1.567800E-06,-763.819087297E-03
-1.565200E-06,-658.291450236E-03
-1.562600E-06,-610.552757280E-03
-1.560000E-06,-560.301501537E-03
-1.557400E-06,-522.613059729E-03
-1.554800E-06,-464.824115625E-03
-1.552200E-06,-457.286427263E-03
-1.549600E-06,-442.211050540E-03
-1.547000E-06,-361.809041351E-03
-1.544400E-06,-432.160799392E-03
-1.541800E-06,-402.010045946E-03
-1.539200E-06,-361.809041351E-03
-1.536600E-06,-424.623111030E-03
-1.534000E-06,-402.010045946E-03
-1.531400E-06,-409.547734307E-03
-1.528800E-06,-457.286427263E-03
-1.526200E-06,-482.412055135E-03
-1.523600E-06,-489.949743496E-03
-1.521000E-06,-562.814064324E-03
-1.518400E-06,-570.351752685E-03
-1.515800E-06,-625.628134003E-03
-1.513200E-06,-650.753761875E-03
-1.510600E-06,-683.417078108E-03
-1.508000E-06,-723.618082702E-03
-1.505400E-06,-731.155771064E-03
-1.502800E-06,-793.969840743E-03
-1.500200E-06,-844.221096486E-03
-1.497600E-06,-851.758784847E-03
-1.495000E-06,-884.422101080E-03
-1.492400E-06,-924.623105675E-03
-1.489800E-06,-924.623105675E-03
-1.487200E-06,-939.698482398E-03
-1.484600E-06,-924.623105675E-03
-1.482000E-06,-962.311547482E-03
-1.479400E-06,-924.623105675E-03
-1.476800E-06,-899.497477803E-03
-1.474200E-06,-947.236170759E-03
-1.471600E-06,-932.160794036E-03
-1.469000E-06,-884.422101080E-03
-1.466400E-06,-884.422101080E-03
-1.463800E-06,-826.633156976E-03
-1.461200E-06,-819.095468614E-03
-1.458600E-06,-804.020091891E-03
-1.456000E-06,-763.819087297E-03
-1.453400E-06,-786.432152381E-03
-1.450800E-06,-763.819087297E-03
-1.448200E-06,-713.567831554E-03
-1.445600E-06,-723.618082702E-03
-1.443000E-06,-683.417078108E-03
-1.440400E-06,-673.366826959E-03
-1.437800E-06,-665.829138597E-03
-1.435200E-06,-643.216073513E-03
-1.432600E-06,-643.216073513E-03
-1.430000E-06,-603.015068918E-03
-1.427400E-06,-562.814064324E-03
-1.424800E-06,-603.015068918E-03
-1.422200E-06,-585.427129408E-03
-1.419600E-06,-562.814064324E-03
-1.417000E-06,-603.015068918E-03
-1.414400E-06,-570.351752685E-03
-1.411800E-06,-585.427129408E-03
-1.409200E-06,-585.427129408E-03
-1.406600E-06,-603.015068918E-03
-1.404000E-06,-603.015068918E-03
-1.401400E-06,-610.552757280E-03
-1.398800E-06,-603.015068918E-03
-1.396200E-06,-643.216073513E-03
-1.393600E-06,-610.552757280E-03
-1.391000E-06,-643.216073513E-03
-1.388400E-06,-683.417078108E-03
-1.385800E-06,-665.829138597E-03
-1.383200E-06,-698.492454831E-03
-1.380600E-06,-683.417078108E-03
-1.378000E-06,-680.904515320E-03
-1.375400E-06,-683.417078108E-03
-1.372800E-06,-698.492454831E-03
-1.370200E-06,-763.819087297E-03
-1.367600E-06,-723.618082702E-03
-1.365000E-06,-683.417078108E-03
-1.362400E-06,-731.155771064E-03
-1.359800E-06,-698.492454831E-03
-1.357200E-06,-713.567831554E-03
-1.354600E-06,-723.618082702E-03
-1.352000E-06,-723.618082702E-03
-1.349400E-06,-713.567831554E-03
-1.346800E-06,-698.492454831E-03
-1.344200E-06,-673.366826959E-03
-1.341600E-06,-683.417078108E-03
-1.339000E-06,-643.216073513E-03
-1.336400E-06,-706.030143192E-03
-1.333800E-06,-643.216073513E-03
-1.331200E-06,-625.628134003E-03
-1.328600E-06,-673.366826959E-03
-1.326000E-06,-643.216073513E-03
-1.323400E-06,-570.351752685E-03
-1.320800E-06,-618.090445641E-03
-1.318200E-06,-603.015068918E-03
-1.315600E-06,-603.015068918E-03
-1.313000E-06,-603.015068918E-03
-1.310400E-06,-570.351752685E-03
-1.307800E-06,-603.015068918E-03
-1.305200E-06,-570.351752685E-03
-1.302600E-06,-562.814064324E-03
-1.300000E-06,-600.502506131E-03
-1.297400E-06,-577.889441047E-03
-1.294800E-06,-562.814064324E-03
-1.292200E-06,-603.015068918E-03
-1.289600E-06,-570.351752685E-03
-1.287000E-06,-562.814064324E-03
-1.284400E-06,-610.552757280E-03
-1.281800E-06,-585.427129408E-03
-1.279200E-06,-577.889441047E-03
-1.276600E-06,-603.015068918E-03
-1.274000E-06,-640.703510726E-03
-1.271400E-06,-570.351752685E-03
-1.268800E-06,-577.889441047E-03
-1.266200E-06,-625.628134003E-03
-1.263600E-06,-592.964817770E-03
-1.261000E-06,-562.814064324E-03
-1.258400E-06,-610.552757280E-03
-1.255800E-06,-625.628134003E-03
-1.253200E-06,-618.090445641E-03
-1.250600E-06,-603.015068918E-03
-1.248000E-06,-603.015068918E-03
-1.245400E-06,-592.964817770E-03
-1.242800E-06,-603.015068918E-03
-1.240200E-06,-618.090445641E-03
-1.237600E-06,-610.552757280E-03
-1.235000E-06,-603.015068918E-03
-1.232400E-06,-603.015068918E-03
-1.229800E-06,-603.015068918E-03
-1.227200E-06,-577.889441047E-03
-1.224600E-06,-603.015068918E-03
-1.222000E-06,-562.814064324E-03
-1.219400E-06,-530.150748091E-03
-1.216800E-06,-603.015068918E-03
-1.214200E-06,-585.427129408E-03
-1.211600E-06,-562.814064324E-03
-1.209000E-06,-603.015068918E-03
-1.206400E-06,-530.150748091E-03
-1.203800E-06,-522.613059729E-03
-1.201200E-06,-562.814064324E-03
-1.198600E-06,-522.613059729E-03
-1.196000E-06,-560.301501537E-03
-1.193400E-06,-497.487431858E-03
-1.190800E-06,-497.487431858E-03
-1.188200E-06,-545.226124814E-03
-1.185600E-06,-522.613059729E-03
-1.183000E-06,-522.613059729E-03
-1.180400E-06,-530.150748091E-03
-1.177800E-06,-545.226124814E-03
-1.175200E-06,-545.226124814E-03
-1.172600E-06,-522.613059729E-03
-1.170000E-06,-560.301501537E-03
-1.167400E-06,-489.949743496E-03
-1.164800E-06,-522.613059729E-03
-1.162200E-06,-545.226124814E-03
-1.159600E-06,-522.613059729E-03
-1.157000E-06,-522.613059729E-03
-1.154400E-06,-530.150748091E-03
-1.151800E-06,-522.613059729E-03
-1.149200E-06,-562.814064324E-03
-1.146600E-06,-562.814064324E-03
-1.144000E-06,-522.613059729E-03
-1.141400E-06,-562.814064324E-03
-1.138800E-06,-562.814064324E-03
-1.136200E-06,-537.688436452E-03
-1.133600E-06,-562.814064324E-03
-1.131000E-06,-562.814064324E-03
-1.128400E-06,-522.613059729E-03
-1.125800E-06,-562.814064324E-03
-1.123200E-06,-522.613059729E-03
-1.120600E-06,-562.814064324E-03
-1.118000E-06,-562.814064324E-03
-1.115400E-06,-530.150748091E-03
-1.112800E-06,-585.427129408E-03
-1.110200E-06,-545.226124814E-03
-1.107600E-06,-522.613059729E-03
-1.105000E-06,-560.301501537E-03
-1.102400E-06,-530.150748091E-03
-1.099800E-06,-530.150748091E-03
-1.097200E-06,-505.025120219E-03
-1.094600E-06,-512.562808581E-03
-1.092000E-06,-520.100496942E-03
-1.089400E-06,-489.949743496E-03
-1.086800E-06,-522.613059729E-03
-1.084200E-06,-497.487431858E-03
-1.081600E-06,-489.949743496E-03
-1.079000E-06,-482.412055135E-03
-1.076400E-06,-482.412055135E-03
-1.073800E-06,-489.949743496E-03
-1.071200E-06,-522.613059729E-03
-1.068600E-06,-512.562808581E-03
-1.066000E-06,-520.100496942E-03
-1.063400E-06,-489.949743496E-03
-1.060800E-06,-505.025120219E-03
-1.058200E-06,-522.613059729E-03
-1.055600E-06,-489.949743496E-03
-1.053000E-06,-482.412055135E-03
-1.050400E-06,-489.949743496E-03
-1.047800E-06,-482.412055135E-03
-1.045200E-06,-497.487431858E-03
-1.042600E-06,-482.412055135E-03
-1.040000E-06,-520.100496942E-03
-1.037400E-06,-472.361803986E-03
-1.034800E-06,-482.412055135E-03
-1.032200E-06,-497.487431858E-03
-1.029600E-06,-552.763813175E-03
-1.027000E-06,-522.613059729E-03
-1.024400E-06,-522.613059729E-03
-1.021800E-06,-522.613059729E-03
-1.019200E-06,-505.025120219E-03
-1.016600E-06,-522.613059729E-03
-1.014000E-06,-522.613059729E-03
-1.011400E-06,-522.613059729E-03
-1.008800E-06,-545.226124814E-03
-1.006200E-06,-497.487431858E-03
-1.003600E-06,-522.613059729E-03
-1.001000E-06,-522.613059729E-03
-998.400E-09,-489.949743496E-03
-995.800E-09,-505.025120219E-03
-993.200E-09,-482.412055135E-03
-990.600E-09,-482.412055135E-03
-988.000E-09,-482.412055135E-03
-985.400E-09,-482.412055135E-03
-982.800E-09,-457.286427263E-03
-980.200E-09,-482.412055135E-03
-977.600E-09,-449.748738902E-03
-975.000E-09,-482.412055135E-03
-972.400E-09,-482.412055135E-03
-969.800E-09,-464.824115625E-03
-967.200E-09,-457.286427263E-03
-964.600E-09,-472.361803986E-03
-962.000E-09,-520.100496942E-03
-959.400E-09,-442.211050540E-03
-956.800E-09,-442.211050540E-03
-954.200E-09,-482.412055135E-03
-951.600E-09,-472.361803986E-03
-949.000E-09,-402.010045946E-03
-946.400E-09,-482.412055135E-03
-943.800E-09,-482.412055135E-03
-941.200E-09,-457.286427263E-03
-938.600E-09,-442.211050540E-03
-936.000E-09,-442.211050540E-03
-933.400E-09,-472.361803986E-03
-930.800E-09,-482.412055135E-03
-928.200E-09,-457.286427263E-03
-925.600E-09,-482.412055135E-03
-923.000E-09,-442.211050540E-03
-920.400E-09,-482.412055135E-03
-917.800E-09,-482.412055135E-03
-915.200E-09,-442.211050540E-03
-912.600E-09,-482.412055135E-03
-910.000E-09,-482.412055135E-03
-907.400E-09,-449.748738902E-03
-904.800E-09,-505.025120219E-03
-902.200E-09,-464.824115625E-03
-899.600E-09,-482.412055135E-03
-897.000E-09,-442.211050540E-03
-894.400E-09,-449.748738902E-03
-891.800E-09,-442.211050540E-03
-889.200E-09,-464.824115625E-03
-886.600E-09,-442.211050540E-03
-884.000E-09,-439.698487753E-03
-881.400E-09,-457.286427263E-03
-878.800E-09,-442.211050540E-03
-876.200E-09,-464.824115625E-03
-873.600E-09,-449.748738902E-03
-871.000E-09,-442.211050540E-03
-868.400E-09,-482.412055135E-03
-865.800E-09,-464.824115625E-03
-863.200E-09,-442.211050540E-03
-860.600E-09,-442.211050540E-03
-858.000E-09,-479.899492348E-03
-855.400E-09,-472.361803986E-03
-852.800E-09,-417.085422669E-03
-850.200E-09,-442.211050540E-03
-847.600E-09,-409.547734307E-03
-845.000E-09,-402.010045946E-03
-842.400E-09,-442.211050540E-03
-839.800E-09,-442.211050540E-03
-837.200E-09,-417.085422669E-03
-834.600E-09,-442.211050540E-03
-832.000E-09,-402.010045946E-03
-829.400E-09,-432.160799392E-03
-826.800E-09,-402.010045946E-03
-824.200E-09,-442.211050540E-03
-821.600E-09,-449.748738902E-03
-819.000E-09,-402.010045946E-03
-816.400E-09,-442.211050540E-03
-813.800E-09,-442.211050540E-03
-811.200E-09,-402.010045946E-03
-808.600E-09,-442.211050540E-03
-806.000E-09,-442.211050540E-03
-803.400E-09,-402.010045946E-03
-800.800E-09,-442.211050540E-03
-798.200E-09,-424.623111030E-03
-795.600E-09,-409.547734307E-03
-793.000E-09,-402.010045946E-03
-790.400E-09,-409.547734307E-03
-787.800E-09,-402.010045946E-03
-785.200E-09,-402.010045946E-03
-782.600E-09,-402.010045946E-03
-780.000E-09,-402.010045946E-03
-777.400E-09,-409.547734307E-03
-774.800E-09,-402.010045946E-03
-772.200E-09,-442.211050540E-03
-769.600E-09,-376.884418074E-03
-767.000E-09,-402.010045946E-03
-764.400E-09,-402.010045946E-03
-761.800E-09,-409.547734307E-03
-759.200E-09,-376.884418074E-03
-756.600E-09,-391.959794797E-03
-754.000E-09,-399.497483158E-03
-751.400E-09,-402.010045946E-03
-748.800E-09,-361.809041351E-03
-746.200E-09,-402.010045946E-03
-743.600E-09,-369.346729713E-03
-741.000E-09,-361.809041351E-03
-738.400E-09,-402.010045946E-03
-735.800E-09,-384.422106436E-03
-733.200E-09,-391.959794797E-03
-730.600E-09,-391.959794797E-03
-728.000E-09,-399.497483158E-03
-725.400E-09,-391.959794797E-03
-722.800E-09,-376.884418074E-03
-720.200E-09,-402.010045946E-03
-717.600E-09,-402.010045946E-03
-715.000E-09,-361.809041351E-03
-712.400E-09,-391.959794797E-03
-709.800E-09,-344.221101841E-03
-707.200E-09,-361.809041351E-03
-704.600E-09,-391.959794797E-03
-702.000E-09,-399.497483158E-03
-699.400E-09,-351.758790202E-03
-696.800E-09,-384.422106436E-03
-694.200E-09,-361.809041351E-03
-691.600E-09,-361.809041351E-03
-689.000E-09,-399.497483158E-03
-686.400E-09,-329.145725118E-03
-683.800E-09,-384.422106436E-03
-681.200E-09,-369.346729713E-03
-678.600E-09,-321.608036757E-03
-676.000E-09,-361.809041351E-03
-673.400E-09,-329.145725118E-03
-670.800E-09,-336.683413479E-03
-668.200E-09,-361.809041351E-03
-665.600E-09,-329.145725118E-03
-663.000E-09,-359.296478564E-03
-660.400E-09,-329.145725118E-03
-657.800E-09,-344.221101841E-03
-655.200E-09,-321.608036757E-03
-652.600E-09,-321.608036757E-03
-650.000E-09,-359.296478564E-03
-647.400E-09,-321.608036757E-03
-644.800E-09,-344.221101841E-03
-642.200E-09,-321.608036757E-03
-639.600E-09,-321.608036757E-03
-637.000E-09,-321.608036757E-03
-634.400E-09,-329.145725118E-03
-631.800E-09,-321.608036757E-03
-629.200E-09,-336.683413479E-03
-626.600E-09,-321.608036757E-03
-624.000E-09,-319.095473969E-03
-621.400E-09,-321.608036757E-03
-618.800E-09,-336.683413479E-03
-616.200E-09,-321.608036757E-03
-613.600E-09,-329.145725118E-03
-611.000E-09,-321.608036757E-03
-608.400E-09,-321.608036757E-03
-605.800E-09,-361.809041351E-03
-603.200E-09,-296.482408885E-03
-600.600E-09,-361.809041351E-03
-598.000E-09,-321.608036757E-03
-595.400E-09,-288.944720523E-03
-592.800E-09,-321.608036757E-03
-590.200E-09,-329.145725118E-03
-587.600E-09,-296.482408885E-03
-585.000E-09,-321.608036757E-03
-582.400E-09,-288.944720523E-03
-579.800E-09,-344.221101841E-03
-577.200E-09,-288.944720523E-03
-574.600E-09,-281.407032162E-03
-572.000E-09,-319.095473969E-03
-569.400E-09,-281.407032162E-03
-566.800E-09,-281.407032162E-03
-564.200E-09,-329.145725118E-03
-561.600E-09,-288.944720523E-03
-559.000E-09,-281.407032162E-03
-556.400E-09,-288.944720523E-03
-553.800E-09,-288.944720523E-03
-551.200E-09,-263.819092652E-03
-548.600E-09,-271.356781013E-03
-546.000E-09,-319.095473969E-03
-543.400E-09,-281.407032162E-03
-540.800E-09,-281.407032162E-03
-538.200E-09,-281.407032162E-03
-535.600E-09,-281.407032162E-03
-533.000E-09,-241.206027567E-03
-530.400E-09,-281.407032162E-03
-527.800E-09,-281.407032162E-03
-525.200E-09,-296.482408885E-03
-522.600E-09,-281.407032162E-03
-520.000E-09,-281.407032162E-03
-517.400E-09,-304.020097246E-03
-514.800E-09,-296.482408885E-03
-512.200E-09,-296.482408885E-03
-509.600E-09,-311.557785608E-03
-507.000E-09,-241.206027567E-03
-504.400E-09,-311.557785608E-03
-501.800E-09,-321.608036757E-03
-499.200E-09,-263.819092652E-03
-496.600E-09,-281.407032162E-03
-494.000E-09,-281.407032162E-03
-491.400E-09,-281.407032162E-03
-488.800E-09,-281.407032162E-03
-486.200E-09,-281.407032162E-03
-483.600E-09,-288.944720523E-03
-481.000E-09,-281.407032162E-03
-478.400E-09,-288.944720523E-03
-475.800E-09,-288.944720523E-03
-473.200E-09,-281.407032162E-03
-470.600E-09,-256.281404290E-03
-468.000E-09,-319.095473969E-03
-465.400E-09,-281.407032162E-03
-462.800E-09,-241.206027567E-03
-460.200E-09,-281.407032162E-03
-457.600E-09,-248.743715929E-03
-455.000E-09,-241.206027567E-03
-452.400E-09,-281.407032162E-03
-449.800E-09,-288.944720523E-03
-447.200E-09,-256.281404290E-03
-444.600E-09,-271.356781013E-03
-442.000E-09,-278.894469375E-03
-439.400E-09,-241.206027567E-03
-436.800E-09,-216.080399696E-03
-434.200E-09,-263.819092652E-03
-431.600E-09,-241.206027567E-03
-429.000E-09,-201.005022973E-03
-426.400E-09,-241.206027567E-03
-423.800E-09,-241.206027567E-03
-421.200E-09,-216.080399696E-03
-418.600E-09,-241.206027567E-03
-416.000E-09,-241.206027567E-03
-413.400E-09,-271.356781013E-03
-410.800E-09,-241.206027567E-03
-408.200E-09,-256.281404290E-03
-405.600E-09,-271.356781013E-03
-403.000E-09,-241.206027567E-03
-400.400E-09,-241.206027567E-03
-397.800E-09,-263.819092652E-03
-395.200E-09,-216.080399696E-03
-392.600E-09,-241.206027567E-03
-390.000E-09,-278.894469375E-03
-387.400E-09,-241.206027567E-03
-384.800E-09,-281.407032162E-03
-382.200E-09,-248.743715929E-03
-379.600E-09,-241.206027567E-03
-377.000E-09,-241.206027567E-03
-374.400E-09,-241.206027567E-03
-371.800E-09,-241.206027567E-03
-369.200E-09,-223.618088057E-03
-366.600E-09,-201.005022973E-03
-364.000E-09,-241.206027567E-03
-361.400E-09,-241.206027567E-03
-358.800E-09,-201.005022973E-03
-356.200E-09,-241.206027567E-03
-353.600E-09,-208.542711334E-03
-351.000E-09,-238.693464780E-03
-348.400E-09,-241.206027567E-03
-345.800E-09,-223.618088057E-03
-343.200E-09,-201.005022973E-03
-340.600E-09,-201.005022973E-03
-338.000E-09,-198.492460186E-03
-335.400E-09,-208.542711334E-03
-332.800E-09,-223.618088057E-03
-330.200E-09,-248.743715929E-03
-327.600E-09,-201.005022973E-03
-325.000E-09,-201.005022973E-03
-322.400E-09,-208.542711334E-03
-319.800E-09,-216.080399696E-03
-317.200E-09,-216.080399696E-03
-314.600E-09,-201.005022973E-03
-312.000E-09,-201.005022973E-03
-309.400E-09,-231.155776419E-03
-306.800E-09,-216.080399696E-03
-304.200E-09,-216.080399696E-03
-301.600E-09,-241.206027567E-03
-299.000E-09,-201.005022973E-03
-296.400E-09,-241.206027567E-03
-293.800E-09,-201.005022973E-03
-291.200E-09,-201.005022973E-03
-288.600E-09,-201.005022973E-03
-286.000E-09,-238.693464780E-03
-283.400E-09,-201.005022973E-03
-280.800E-09,-201.005022973E-03
-278.200E-09,-183.417083463E-03
-275.600E-09,-201.005022973E-03
-273.000E-09,-201.005022973E-03
-270.400E-09,-208.542711334E-03
-267.800E-09,-175.879395101E-03
-265.200E-09,-183.417083463E-03
-262.600E-09,-201.005022973E-03
-260.000E-09,-238.693464780E-03
-257.400E-09,-168.341706740E-03
-254.800E-09,-175.879395101E-03
-252.200E-09,-183.417083463E-03
-249.600E-09,-175.879395101E-03
-247.000E-09,-158.291455591E-03
-244.400E-09,-175.879395101E-03
-241.800E-09,-183.417083463E-03
-239.200E-09,-160.804018378E-03
-236.600E-09,-160.804018378E-03
-234.000E-09,-198.492460186E-03
-231.400E-09,-201.005022973E-03
-228.800E-09,-160.804018378E-03
-226.200E-09,-201.005022973E-03
-223.600E-09,-160.804018378E-03
-221.000E-09,-160.804018378E-03
-218.400E-09,-190.954771824E-03
-215.800E-09,-160.804018378E-03
-213.200E-09,-175.879395101E-03
-210.600E-09,-190.954771824E-03
-208.000E-09,-198.492460186E-03
-205.400E-09,-190.954771824E-03
-202.800E-09,-160.804018378E-03
-200.200E-09,-175.879395101E-03
-197.600E-09,-201.005022973E-03
-195.000E-09,-160.804018378E-03
-192.400E-09,-160.804018378E-03
-189.800E-09,-223.618088057E-03
-187.200E-09,-175.879395101E-03
-184.600E-09,-190.954771824E-03
-182.000E-09,-160.804018378E-03
-179.400E-09,-160.804018378E-03
-176.800E-09,-175.879395101E-03
-174.200E-09,-143.216078868E-03
-171.600E-09,-160.804018378E-03
-169.000E-09,-120.603013784E-03
-166.400E-09,-128.140702145E-03
-163.800E-09,-168.341706740E-03
-161.200E-09,-143.216078868E-03
-158.600E-09,-120.603013784E-03
-156.000E-09,-158.291455591E-03
-153.400E-09,-150.753767230E-03
-150.800E-09,-143.216078868E-03
-148.200E-09,-143.216078868E-03
-145.600E-09,-95.477385912E-03
-143.000E-09,-120.603013784E-03
-140.400E-09,-128.140702145E-03
-137.800E-09,-103.015074274E-03
-135.200E-09,-120.603013784E-03
-132.600E-09,-120.603013784E-03
-130.000E-09,-118.090450997E-03
-127.400E-09,-150.753767230E-03
-124.800E-09,-120.603013784E-03
-122.200E-09,-103.015074274E-03
-119.600E-09,-128.140702145E-03
-117.000E-09,-120.603013784E-03
-114.400E-09,-128.140702145E-03
-111.800E-09,-120.603013784E-03
-109.200E-09,-135.678390507E-03
-106.600E-09,-160.804018378E-03
-104.000E-09,-120.603013784E-03
-101.400E-09,-110.552762635E-03
-98.800E-09,-80.402009189E-03
-96.200E-09,-120.603013784E-03
-93.600E-09,-160.804018378E-03
-91.000E-09,-120.603013784E-03
-88.400E-09,-120.603013784E-03
-85.800E-09,-120.603013784E-03
-83.200E-09,-103.015074274E-03
-80.600E-09,-120.603013784E-03
-78.000E-09,-120.603013784E-03
-75.400E-09,-103.015074274E-03
-72.800E-09,-120.603013784E-03
-70.200E-09,-103.015074274E-03
-67.600E-09,-87.939697551E-03
-65.000E-09,-120.603013784E-03
-62.400E-09,-120.603013784E-03
-59.800E-09,-120.603013784E-03
-57.200E-09,-103.015074274E-03
-54.600E-09,-80.402009189E-03
-52.000E-09,-120.603013784E-03
-49.400E-09,-47.738692956E-03
-46.800E-09,-80.402009189E-03
-44.200E-09,-80.402009189E-03
-41.600E-09,-80.402009189E-03
-39.000E-09,-80.402009189E-03
-36.400E-09,-87.939697551E-03
-33.800E-09,-87.939697551E-03
-31.200E-09,-80.402009189E-03
-28.600E-09,-80.402009189E-03
-26.000E-09,-77.889446402E-03
-23.400E-09,-47.738692956E-03
-20.800E-09,-40.201004595E-03
-18.200E-09,-80.402009189E-03
-15.600E-09,-80.402009189E-03
-13.000E-09,-40.201004595E-03
-10.400E-09,-70.351758040E-03
-7.800E-09,-80.402009189E-03
-5.200E-09,-55.276381318E-03
-2.600E-09,-62.814069679E-03
+0.0E+00,-40.201004595E-03
+2.600E-09,-70.351758040E-03
+5.200E-09,-55.276381318E-03
+7.800E-09,-30.150753446E-03
+10.400E-09,-7.537688361E-03
+13.000E-09,+40.201004595E-03
+15.600E-09,+87.939697551E-03
+18.200E-09,+120.603013784E-03
+20.800E-09,+263.819092652E-03
+23.400E-09,+351.758790202E-03
+26.000E-09,+442.211050540E-03
+28.600E-09,+530.150748091E-03
+31.200E-09,+603.015068918E-03
+33.800E-09,+763.819087297E-03
+36.400E-09,+874.371849932E-03
+39.000E-09,+924.623105675E-03
+41.600E-09,+1.045226119459E+00
+44.200E-09,+1.100502500776E+00
+46.800E-09,+1.221105514560E+00
+49.400E-09,+1.326633151621E+00
+52.000E-09,+1.286432147026E+00
+54.600E-09,+1.396984909661E+00
+57.200E-09,+1.447236165404E+00
+59.800E-09,+1.487437169999E+00
+62.400E-09,+1.477386918850E+00
+65.000E-09,+1.487437169999E+00
+67.600E-09,+1.437185914256E+00
+70.200E-09,+1.462311542127E+00
+72.800E-09,+1.469849230489E+00
+75.400E-09,+1.407035160810E+00
+78.000E-09,+1.286432147026E+00
+80.600E-09,+1.286432147026E+00
+83.200E-09,+1.206030137837E+00
+85.800E-09,+1.148241193732E+00
+88.400E-09,+1.085427124053E+00
+91.000E-09,+1.005025114864E+00
+93.600E-09,+924.623105675E-03
+96.200E-09,+907.035166165E-03
+98.800E-09,+826.633156976E-03
+101.400E-09,+723.618082702E-03
+104.000E-09,+683.417078108E-03
+106.600E-09,+570.351752685E-03
+109.200E-09,+562.814064324E-03
+111.800E-09,+522.613059729E-03
+114.400E-09,+449.748738902E-03
+117.000E-09,+479.899492348E-03
+119.600E-09,+402.010045946E-03
+122.200E-09,+402.010045946E-03
+124.800E-09,+402.010045946E-03
+127.400E-09,+402.010045946E-03
+130.000E-09,+361.809041351E-03
+132.600E-09,+409.547734307E-03
+135.200E-09,+402.010045946E-03
+137.800E-09,+457.286427263E-03
+140.400E-09,+472.361803986E-03
+143.000E-09,+520.100496942E-03
+145.600E-09,+522.613059729E-03
+148.200E-09,+562.814064324E-03
+150.800E-09,+603.015068918E-03
+153.400E-09,+673.366826959E-03
+156.000E-09,+680.904515320E-03
+158.600E-09,+746.231147787E-03
+161.200E-09,+778.894464020E-03
+163.800E-09,+763.819087297E-03
+166.400E-09,+834.170845337E-03
+169.000E-09,+844.221096486E-03
+171.600E-09,+907.035166165E-03
+174.200E-09,+899.497477803E-03
+176.800E-09,+907.035166165E-03
+179.400E-09,+914.572854526E-03
+182.000E-09,+884.422101080E-03
+184.600E-09,+924.623105675E-03
+187.200E-09,+924.623105675E-03
+189.800E-09,+899.497477803E-03
+192.400E-09,+914.572854526E-03
+195.000E-09,+922.110542888E-03
+197.600E-09,+884.422101080E-03
+200.200E-09,+859.296473209E-03
+202.800E-09,+851.758784847E-03
+205.400E-09,+811.557780253E-03
+208.000E-09,+801.507529104E-03
+210.600E-09,+771.356775658E-03
+213.200E-09,+746.231147787E-03
+215.800E-09,+706.030143192E-03
+218.400E-09,+650.753761875E-03
+221.000E-09,+643.216073513E-03
+223.600E-09,+643.216073513E-03
+226.200E-09,+618.090445641E-03
+228.800E-09,+625.628134003E-03
+231.400E-09,+603.015068918E-03
+234.000E-09,+522.613059729E-03
+236.600E-09,+562.814064324E-03
+239.200E-09,+537.688436452E-03
+241.800E-09,+522.613059729E-03
+244.400E-09,+522.613059729E-03
+247.000E-09,+522.613059729E-03
+249.600E-09,+512.562808581E-03
+252.200E-09,+537.688436452E-03
+254.800E-09,+577.889441047E-03
+257.400E-09,+530.150748091E-03
+260.000E-09,+522.613059729E-03
+262.600E-09,+562.814064324E-03
+265.200E-09,+603.015068918E-03
+267.800E-09,+603.015068918E-03
+270.400E-09,+592.964817770E-03
+273.000E-09,+643.216073513E-03
+275.600E-09,+643.216073513E-03
+278.200E-09,+658.291450236E-03
+280.800E-09,+643.216073513E-03
+283.400E-09,+673.366826959E-03
+286.000E-09,+643.216073513E-03
+288.600E-09,+683.417078108E-03
+291.200E-09,+683.417078108E-03
+293.800E-09,+665.829138597E-03
+296.400E-09,+713.567831554E-03
+299.000E-09,+683.417078108E-03
+301.600E-09,+683.417078108E-03
+304.200E-09,+683.417078108E-03
+306.800E-09,+665.829138597E-03
+309.400E-09,+706.030143192E-03
+312.000E-09,+680.904515320E-03
+314.600E-09,+643.216073513E-03
+317.200E-09,+643.216073513E-03
+319.800E-09,+643.216073513E-03
+322.400E-09,+610.552757280E-03
+325.000E-09,+640.703510726E-03
+327.600E-09,+610.552757280E-03
+330.200E-09,+577.889441047E-03
+332.800E-09,+625.628134003E-03
+335.400E-09,+562.814064324E-03
+338.000E-09,+562.814064324E-03
+340.600E-09,+592.964817770E-03
+343.200E-09,+562.814064324E-03
+345.800E-09,+537.688436452E-03
+348.400E-09,+552.763813175E-03
+351.000E-09,+522.613059729E-03
+353.600E-09,+552.763813175E-03
+356.200E-09,+522.613059729E-03
+358.800E-09,+537.688436452E-03
+361.400E-09,+522.613059729E-03
+364.000E-09,+522.613059729E-03
+366.600E-09,+552.763813175E-03
+369.200E-09,+545.226124814E-03
+371.800E-09,+522.613059729E-03
+374.400E-09,+552.763813175E-03
+377.000E-09,+560.301501537E-03
+379.600E-09,+512.562808581E-03
+382.200E-09,+537.688436452E-03
+384.800E-09,+562.814064324E-03
+387.400E-09,+562.814064324E-03
+390.000E-09,+522.613059729E-03
+392.600E-09,+562.814064324E-03
+395.200E-09,+562.814064324E-03
+397.800E-09,+537.688436452E-03
+400.400E-09,+562.814064324E-03
+403.000E-09,+562.814064324E-03
+405.600E-09,+552.763813175E-03
+408.200E-09,+562.814064324E-03
+410.800E-09,+545.226124814E-03
+413.400E-09,+562.814064324E-03
+416.000E-09,+562.814064324E-03
+418.600E-09,+530.150748091E-03
+421.200E-09,+545.226124814E-03
+423.800E-09,+522.613059729E-03
+426.400E-09,+489.949743496E-03
+429.000E-09,+560.301501537E-03
+431.600E-09,+489.949743496E-03
+434.200E-09,+482.412055135E-03
+436.800E-09,+522.613059729E-03
+439.400E-09,+489.949743496E-03
+442.000E-09,+479.899492348E-03
+444.600E-09,+512.562808581E-03
+447.200E-09,+505.025120219E-03
+449.800E-09,+482.412055135E-03
+452.400E-09,+472.361803986E-03
+455.000E-09,+479.899492348E-03
+457.600E-09,+505.025120219E-03
+460.200E-09,+497.487431858E-03
+462.800E-09,+457.286427263E-03
+465.400E-09,+482.412055135E-03
+468.000E-09,+442.211050540E-03
+470.600E-09,+472.361803986E-03
+473.200E-09,+464.824115625E-03
+475.800E-09,+432.160799392E-03
+478.400E-09,+472.361803986E-03
+481.000E-09,+442.211050540E-03
+483.600E-09,+472.361803986E-03
+486.200E-09,+442.211050540E-03
+488.800E-09,+464.824115625E-03
+491.400E-09,+482.412055135E-03
+494.000E-09,+442.211050540E-03
+496.600E-09,+442.211050540E-03
+499.200E-09,+482.412055135E-03
+501.800E-09,+442.211050540E-03
+504.400E-09,+482.412055135E-03
+507.000E-09,+442.211050540E-03
+509.600E-09,+472.361803986E-03
+512.200E-09,+489.949743496E-03
+514.800E-09,+489.949743496E-03
+517.400E-09,+482.412055135E-03
+520.000E-09,+442.211050540E-03
+522.600E-09,+457.286427263E-03
+525.200E-09,+457.286427263E-03
+527.800E-09,+457.286427263E-03
+530.400E-09,+442.211050540E-03
+533.000E-09,+442.211050540E-03
+535.600E-09,+449.748738902E-03
+538.200E-09,+442.211050540E-03
+540.800E-09,+482.412055135E-03
+543.400E-09,+442.211050540E-03
+546.000E-09,+442.211050540E-03
+548.600E-09,+472.361803986E-03
+551.200E-09,+442.211050540E-03
+553.800E-09,+432.160799392E-03
+556.400E-09,+472.361803986E-03
+559.000E-09,+402.010045946E-03
+561.600E-09,+442.211050540E-03
+564.200E-09,+417.085422669E-03
+566.800E-09,+432.160799392E-03
+569.400E-09,+442.211050540E-03
+572.000E-09,+402.010045946E-03
+574.600E-09,+432.160799392E-03
+577.200E-09,+442.211050540E-03
+579.800E-09,+417.085422669E-03
+582.400E-09,+432.160799392E-03
+585.000E-09,+402.010045946E-03
+587.600E-09,+432.160799392E-03
+590.200E-09,+417.085422669E-03
+592.800E-09,+402.010045946E-03
+595.400E-09,+442.211050540E-03
+598.000E-09,+361.809041351E-03
+600.600E-09,+442.211050540E-03
+603.200E-09,+417.085422669E-03
+605.800E-09,+402.010045946E-03
+608.400E-09,+402.010045946E-03
+611.000E-09,+402.010045946E-03
+613.600E-09,+361.809041351E-03
+616.200E-09,+402.010045946E-03
+618.800E-09,+402.010045946E-03
+621.400E-09,+409.547734307E-03
+624.000E-09,+439.698487753E-03
+626.600E-09,+402.010045946E-03
+629.200E-09,+402.010045946E-03
+631.800E-09,+402.010045946E-03
+634.400E-09,+402.010045946E-03
+637.000E-09,+439.698487753E-03
+639.600E-09,+369.346729713E-03
+642.200E-09,+402.010045946E-03
+644.800E-09,+402.010045946E-03
+647.400E-09,+402.010045946E-03
+650.000E-09,+361.809041351E-03
+652.600E-09,+402.010045946E-03
+655.200E-09,+402.010045946E-03
+657.800E-09,+391.959794797E-03
+660.400E-09,+424.623111030E-03
+663.000E-09,+402.010045946E-03
+665.600E-09,+402.010045946E-03
+668.200E-09,+402.010045946E-03
+670.800E-09,+402.010045946E-03
+673.400E-09,+442.211050540E-03
+676.000E-09,+402.010045946E-03
+678.600E-09,+432.160799392E-03
+681.200E-09,+402.010045946E-03
+683.800E-09,+376.884418074E-03
+686.400E-09,+424.623111030E-03
+689.000E-09,+399.497483158E-03
+691.600E-09,+361.809041351E-03
+694.200E-09,+417.085422669E-03
+696.800E-09,+384.422106436E-03
+699.400E-09,+402.010045946E-03
+702.000E-09,+361.809041351E-03
+704.600E-09,+369.346729713E-03
+707.200E-09,+402.010045946E-03
+709.800E-09,+361.809041351E-03
+712.400E-09,+361.809041351E-03
+715.000E-09,+402.010045946E-03
+717.600E-09,+361.809041351E-03
+720.200E-09,+361.809041351E-03
+722.800E-09,+344.221101841E-03
+725.400E-09,+361.809041351E-03
+728.000E-09,+361.809041351E-03
+730.600E-09,+369.346729713E-03
+733.200E-09,+384.422106436E-03
+735.800E-09,+344.221101841E-03
+738.400E-09,+361.809041351E-03
+741.000E-09,+399.497483158E-03
+743.600E-09,+336.683413479E-03
+746.200E-09,+361.809041351E-03
+748.800E-09,+361.809041351E-03
+751.400E-09,+369.346729713E-03
+754.000E-09,+361.809041351E-03
+756.600E-09,+369.346729713E-03
+759.200E-09,+351.758790202E-03
+761.800E-09,+376.884418074E-03
+764.400E-09,+361.809041351E-03
+767.000E-09,+321.608036757E-03
+769.600E-09,+391.959794797E-03
+772.200E-09,+361.809041351E-03
+774.800E-09,+417.085422669E-03
+777.400E-09,+402.010045946E-03
+780.000E-09,+361.809041351E-03
+782.600E-09,+402.010045946E-03
+785.200E-09,+402.010045946E-03
+787.800E-09,+351.758790202E-03
+790.400E-09,+391.959794797E-03
+793.000E-09,+361.809041351E-03
+795.600E-09,+391.959794797E-03
+798.200E-09,+351.758790202E-03
+800.800E-09,+361.809041351E-03
+803.400E-09,+361.809041351E-03
+806.000E-09,+361.809041351E-03
+808.600E-09,+361.809041351E-03
+811.200E-09,+361.809041351E-03
+813.800E-09,+344.221101841E-03
+816.400E-09,+361.809041351E-03
+819.000E-09,+361.809041351E-03
+821.600E-09,+361.809041351E-03
+824.200E-09,+361.809041351E-03
+826.800E-09,+384.422106436E-03
+829.400E-09,+329.145725118E-03
+832.000E-09,+361.809041351E-03
+834.600E-09,+329.145725118E-03
+837.200E-09,+361.809041351E-03
+839.800E-09,+344.221101841E-03
+842.400E-09,+321.608036757E-03
+845.000E-09,+321.608036757E-03
+847.600E-09,+296.482408885E-03
+850.200E-09,+321.608036757E-03
+852.800E-09,+361.809041351E-03
+855.400E-09,+321.608036757E-03
+858.000E-09,+321.608036757E-03
+860.600E-09,+321.608036757E-03
+863.200E-09,+304.020097246E-03
+865.800E-09,+321.608036757E-03
+868.400E-09,+321.608036757E-03
+871.000E-09,+321.608036757E-03
+873.600E-09,+321.608036757E-03
+876.200E-09,+311.557785608E-03
+878.800E-09,+336.683413479E-03
+881.400E-09,+361.809041351E-03
+884.000E-09,+281.407032162E-03
+886.600E-09,+351.758790202E-03
+889.200E-09,+336.683413479E-03
+891.800E-09,+321.608036757E-03
+894.400E-09,+384.422106436E-03
+897.000E-09,+359.296478564E-03
+899.600E-09,+311.557785608E-03
+902.200E-09,+311.557785608E-03
+904.800E-09,+321.608036757E-03
+907.400E-09,+351.758790202E-03
+910.000E-09,+281.407032162E-03
+912.600E-09,+329.145725118E-03
+915.200E-09,+336.683413479E-03
+917.800E-09,+321.608036757E-03
+920.400E-09,+321.608036757E-03
+923.000E-09,+361.809041351E-03
+925.600E-09,+321.608036757E-03
+928.200E-09,+296.482408885E-03
+930.800E-09,+321.608036757E-03
+933.400E-09,+321.608036757E-03
+936.000E-09,+321.608036757E-03
+938.600E-09,+321.608036757E-03
+941.200E-09,+321.608036757E-03
+943.800E-09,+296.482408885E-03
+946.400E-09,+281.407032162E-03
+949.000E-09,+321.608036757E-03
+951.600E-09,+256.281404290E-03
+954.200E-09,+296.482408885E-03
+956.800E-09,+304.020097246E-03
+959.400E-09,+288.944720523E-03
+962.000E-09,+319.095473969E-03
+964.600E-09,+288.944720523E-03
+967.200E-09,+304.020097246E-03
+969.800E-09,+281.407032162E-03
+972.400E-09,+281.407032162E-03
+975.000E-09,+319.095473969E-03
+977.600E-09,+311.557785608E-03
+980.200E-09,+256.281404290E-03
+982.800E-09,+296.482408885E-03
+985.400E-09,+321.608036757E-03
+988.000E-09,+281.407032162E-03
+990.600E-09,+304.020097246E-03
+993.200E-09,+281.407032162E-03
+995.800E-09,+256.281404290E-03
+998.400E-09,+304.020097246E-03
+1.001000E-06,+281.407032162E-03
+1.003600E-06,+281.407032162E-03
+1.006200E-06,+296.482408885E-03
+1.008800E-06,+296.482408885E-03
+1.011400E-06,+281.407032162E-03
+1.014000E-06,+241.206027567E-03
+1.016600E-06,+311.557785608E-03
+1.019200E-06,+263.819092652E-03
+1.021800E-06,+256.281404290E-03
+1.024400E-06,+271.356781013E-03
+1.027000E-06,+281.407032162E-03
+1.029600E-06,+241.206027567E-03
+1.032200E-06,+256.281404290E-03
+1.034800E-06,+263.819092652E-03
+1.037400E-06,+248.743715929E-03
+1.040000E-06,+281.407032162E-03
+1.042600E-06,+248.743715929E-03
+1.045200E-06,+241.206027567E-03
+1.047800E-06,+241.206027567E-03
+1.050400E-06,+271.356781013E-03
+1.053000E-06,+281.407032162E-03
+1.055600E-06,+248.743715929E-03
+1.058200E-06,+256.281404290E-03
+1.060800E-06,+263.819092652E-03
+1.063400E-06,+241.206027567E-03
+1.066000E-06,+241.206027567E-03
+1.068600E-06,+281.407032162E-03
+1.071200E-06,+241.206027567E-03
+1.073800E-06,+241.206027567E-03
+1.076400E-06,+271.356781013E-03
+1.079000E-06,+201.005022973E-03
+1.081600E-06,+241.206027567E-03
+1.084200E-06,+241.206027567E-03
+1.086800E-06,+241.206027567E-03
+1.089400E-06,+248.743715929E-03
+1.092000E-06,+201.005022973E-03
+1.094600E-06,+231.155776419E-03
+1.097200E-06,+263.819092652E-03
+1.099800E-06,+216.080399696E-03
+1.102400E-06,+241.206027567E-03
+1.105000E-06,+278.894469375E-03
+1.107600E-06,+231.155776419E-03
+1.110200E-06,+216.080399696E-03
+1.112800E-06,+241.206027567E-03
+1.115400E-06,+248.743715929E-03
+1.118000E-06,+201.005022973E-03
+1.120600E-06,+208.542711334E-03
+1.123200E-06,+241.206027567E-03
+1.125800E-06,+216.080399696E-03
+1.128400E-06,+241.206027567E-03
+1.131000E-06,+241.206027567E-03
+1.133600E-06,+201.005022973E-03
+1.136200E-06,+223.618088057E-03
+1.138800E-06,+223.618088057E-03
+1.141400E-06,+208.542711334E-03
+1.144000E-06,+201.005022973E-03
+1.146600E-06,+216.080399696E-03
+1.149200E-06,+241.206027567E-03
+1.151800E-06,+201.005022973E-03
+1.154400E-06,+201.005022973E-03
+1.157000E-06,+238.693464780E-03
+1.159600E-06,+208.542711334E-03
+1.162200E-06,+201.005022973E-03
+1.164800E-06,+216.080399696E-03
+1.167400E-06,+201.005022973E-03
+1.170000E-06,+238.693464780E-03
+1.172600E-06,+241.206027567E-03
+1.175200E-06,+201.005022973E-03
+1.177800E-06,+216.080399696E-03
+1.180400E-06,+231.155776419E-03
+1.183000E-06,+201.005022973E-03
+1.185600E-06,+231.155776419E-03
+1.188200E-06,+216.080399696E-03
+1.190800E-06,+216.080399696E-03
+1.193400E-06,+231.155776419E-03
+1.196000E-06,+201.005022973E-03
+1.198600E-06,+223.618088057E-03
+1.201200E-06,+241.206027567E-03
+1.203800E-06,+216.080399696E-03
+1.206400E-06,+223.618088057E-03
+1.209000E-06,+201.005022973E-03
+1.211600E-06,+223.618088057E-03
+1.214200E-06,+190.954771824E-03
+1.216800E-06,+201.005022973E-03
+1.219400E-06,+208.542711334E-03
+1.222000E-06,+160.804018378E-03
+1.224600E-06,+190.954771824E-03
+1.227200E-06,+216.080399696E-03
+1.229800E-06,+175.879395101E-03
+1.232400E-06,+231.155776419E-03
+1.235000E-06,+238.693464780E-03
+1.237600E-06,+190.954771824E-03
+1.240200E-06,+183.417083463E-03
+1.242800E-06,+183.417083463E-03
+1.245400E-06,+168.341706740E-03
+1.248000E-06,+160.804018378E-03
+1.250600E-06,+160.804018378E-03
+1.253200E-06,+183.417083463E-03
+1.255800E-06,+201.005022973E-03
+1.258400E-06,+190.954771824E-03
+1.261000E-06,+201.005022973E-03
+1.263600E-06,+168.341706740E-03
+1.266200E-06,+175.879395101E-03
+1.268800E-06,+175.879395101E-03
+1.271400E-06,+160.804018378E-03
+1.274000E-06,+201.005022973E-03
+1.276600E-06,+168.341706740E-03
+1.279200E-06,+160.804018378E-03
+1.281800E-06,+175.879395101E-03
+1.284400E-06,+160.804018378E-03
+1.287000E-06,+160.804018378E-03
+1.289600E-06,+190.954771824E-03
+1.292200E-06,+160.804018378E-03
+1.294800E-06,+160.804018378E-03
+1.297400E-06,+201.005022973E-03
+1.300000E-06,+160.804018378E-03
+1.302600E-06,+190.954771824E-03
+1.305200E-06,+175.879395101E-03
+1.307800E-06,+160.804018378E-03
+1.310400E-06,+190.954771824E-03
+1.313000E-06,+160.804018378E-03
+1.315600E-06,+160.804018378E-03
+1.318200E-06,+175.879395101E-03
+1.320800E-06,+175.879395101E-03
+1.323400E-06,+168.341706740E-03
+1.326000E-06,+160.804018378E-03
+1.328600E-06,+190.954771824E-03
+1.331200E-06,+175.879395101E-03
+1.333800E-06,+160.804018378E-03
+1.336400E-06,+201.005022973E-03
+1.339000E-06,+160.804018378E-03
+1.341600E-06,+150.753767230E-03
+1.344200E-06,+183.417083463E-03
+1.346800E-06,+160.804018378E-03
+1.349400E-06,+160.804018378E-03
+1.352000E-06,+160.804018378E-03
+1.354600E-06,+160.804018378E-03
+1.357200E-06,+143.216078868E-03
+1.359800E-06,+160.804018378E-03
+1.362400E-06,+150.753767230E-03
+1.365000E-06,+160.804018378E-03
+1.367600E-06,+168.341706740E-03
+1.370200E-06,+160.804018378E-03
+1.372800E-06,+160.804018378E-03
+1.375400E-06,+160.804018378E-03
+1.378000E-06,+120.603013784E-03
+1.380600E-06,+160.804018378E-03
+1.383200E-06,+160.804018378E-03
+1.385800E-06,+160.804018378E-03
+1.388400E-06,+150.753767230E-03
+1.391000E-06,+160.804018378E-03
+1.393600E-06,+150.753767230E-03
+1.396200E-06,+120.603013784E-03
+1.398800E-06,+160.804018378E-03
+1.401400E-06,+190.954771824E-03
+1.404000E-06,+120.603013784E-03
+1.406600E-06,+183.417083463E-03
+1.409200E-06,+160.804018378E-03
+1.411800E-06,+120.603013784E-03
+1.414400E-06,+183.417083463E-03
+1.417000E-06,+160.804018378E-03
+1.419600E-06,+150.753767230E-03
+1.422200E-06,+135.678390507E-03
+1.424800E-06,+175.879395101E-03
+1.427400E-06,+160.804018378E-03
+1.430000E-06,+120.603013784E-03
+1.432600E-06,+120.603013784E-03
+1.435200E-06,+143.216078868E-03
+1.437800E-06,+120.603013784E-03
+1.440400E-06,+120.603013784E-03
+1.443000E-06,+158.291455591E-03
+1.445600E-06,+120.603013784E-03
+1.448200E-06,+143.216078868E-03
+1.450800E-06,+143.216078868E-03
+1.453400E-06,+128.140702145E-03
+1.456000E-06,+158.291455591E-03
+1.458600E-06,+160.804018378E-03
+1.461200E-06,+160.804018378E-03
+1.463800E-06,+103.015074274E-03
+1.466400E-06,+110.552762635E-03
+1.469000E-06,+120.603013784E-03
+1.471600E-06,+87.939697551E-03
+1.474200E-06,+95.477385912E-03
+1.476800E-06,+135.678390507E-03
+1.479400E-06,+87.939697551E-03
+1.482000E-06,+120.603013784E-03
+1.484600E-06,+150.753767230E-03
+1.487200E-06,+135.678390507E-03
+1.489800E-06,+110.552762635E-03
+1.492400E-06,+120.603013784E-03
+1.495000E-06,+118.090450997E-03
+1.497600E-06,+110.552762635E-03
+1.500200E-06,+95.477385912E-03
+1.502800E-06,+95.477385912E-03
+1.505400E-06,+150.753767230E-03
+1.508000E-06,+120.603013784E-03
+1.510600E-06,+143.216078868E-03
+1.513200E-06,+143.216078868E-03
+1.515800E-06,+135.678390507E-03
+1.518400E-06,+150.753767230E-03
+1.521000E-06,+120.603013784E-03
+1.523600E-06,+110.552762635E-03
+1.526200E-06,+135.678390507E-03
+1.528800E-06,+120.603013784E-03
+1.531400E-06,+110.552762635E-03
+1.534000E-06,+80.402009189E-03
+1.536600E-06,+120.603013784E-03
+1.539200E-06,+120.603013784E-03
+1.541800E-06,+120.603013784E-03
+1.544400E-06,+120.603013784E-03
+1.547000E-06,+120.603013784E-03
+1.549600E-06,+110.552762635E-03
+1.552200E-06,+95.477385912E-03
+1.554800E-06,+120.603013784E-03
+1.557400E-06,+120.603013784E-03
+1.560000E-06,+120.603013784E-03
+1.562600E-06,+87.939697551E-03
+1.565200E-06,+103.015074274E-03
+1.567800E-06,+103.015074274E-03
+1.570400E-06,+80.402009189E-03
+1.573000E-06,+118.090450997E-03
+1.575600E-06,+87.939697551E-03
+1.578200E-06,+95.477385912E-03
+1.580800E-06,+120.603013784E-03
+1.583400E-06,+80.402009189E-03
+1.586000E-06,+80.402009189E-03
+1.588600E-06,+87.939697551E-03
+1.591200E-06,+103.015074274E-03
+1.593800E-06,+95.477385912E-03
+1.596400E-06,+110.552762635E-03
+1.599000E-06,+80.402009189E-03
+1.601600E-06,+110.552762635E-03
+1.604200E-06,+95.477385912E-03
+1.606800E-06,+135.678390507E-03
+1.609400E-06,+110.552762635E-03
+1.612000E-06,+80.402009189E-03
+1.614600E-06,+110.552762635E-03
+1.617200E-06,+120.603013784E-03
+1.619800E-06,+120.603013784E-03
+1.622400E-06,+143.216078868E-03
+1.625000E-06,+120.603013784E-03
+1.627600E-06,+110.552762635E-03
+1.630200E-06,+95.477385912E-03
+1.632800E-06,+120.603013784E-03
+1.635400E-06,+120.603013784E-03
+1.638000E-06,+80.402009189E-03
+1.640600E-06,+110.552762635E-03
+1.643200E-06,+120.603013784E-03
+1.645800E-06,+80.402009189E-03
+1.648400E-06,+80.402009189E-03
+1.651000E-06,+120.603013784E-03
+1.653600E-06,+80.402009189E-03
+1.656200E-06,+80.402009189E-03
+1.658800E-06,+62.814069679E-03
+1.661400E-06,+80.402009189E-03
+1.664000E-06,+118.090450997E-03
+1.666600E-06,+87.939697551E-03
+1.669200E-06,+80.402009189E-03
+1.671800E-06,+80.402009189E-03
+1.674400E-06,+70.351758040E-03
+1.677000E-06,+37.688441807E-03
+1.679600E-06,-40.201004595E-03
+1.682200E-06,-62.814069679E-03
+1.684800E-06,-80.402009189E-03
+1.687400E-06,-190.954771824E-03
+1.690000E-06,-321.608036757E-03
+1.692600E-06,-391.959794797E-03
+1.695200E-06,-482.412055135E-03
+1.697800E-06,-570.351752685E-03
+1.700400E-06,-713.567831554E-03
+1.703000E-06,-844.221096486E-03
+1.705600E-06,-891.959789442E-03
+1.708200E-06,-964.824110270E-03
+1.710800E-06,-1.075376872905E+00
+1.713400E-06,-1.195979886688E+00
+1.716000E-06,-1.246231142432E+00
+1.718600E-06,-1.253768830793E+00
+1.721200E-06,-1.301507523749E+00
+1.723800E-06,-1.407035160810E+00
+1.726400E-06,-1.447236165404E+00
+1.729000E-06,-1.447236165404E+00
+1.731600E-06,-1.414572849171E+00
+1.734200E-06,-1.454773853766E+00
+1.736800E-06,-1.429648225894E+00
+1.739400E-06,-1.447236165404E+00
+1.742000E-06,-1.404522598023E+00
+1.744600E-06,-1.293969835388E+00
+1.747200E-06,-1.246231142432E+00
+1.749800E-06,-1.246231142432E+00
+1.752400E-06,-1.133165817009E+00
+1.755000E-06,-1.045226119459E+00
+1.757600E-06,-1.005025114864E+00
+1.760200E-06,-947.236170759E-03
+1.762800E-06,-859.296473209E-03
+1.765400E-06,-804.020091891E-03
+1.768000E-06,-721.105519915E-03
+1.770600E-06,-673.366826959E-03
+1.773200E-06,-625.628134003E-03
+1.775800E-06,-577.889441047E-03
+1.778400E-06,-552.763813175E-03
+1.781000E-06,-482.412055135E-03
+1.783600E-06,-472.361803986E-03
+1.786200E-06,-442.211050540E-03
+1.788800E-06,-402.010045946E-03
+1.791400E-06,-402.010045946E-03
+1.794000E-06,-402.010045946E-03
+1.796600E-06,-351.758790202E-03
+1.799200E-06,-402.010045946E-03
+1.801800E-06,-402.010045946E-03
+1.804400E-06,-402.010045946E-03
+1.807000E-06,-442.211050540E-03
+1.809600E-06,-489.949743496E-03
+1.812200E-06,-522.613059729E-03
+1.814800E-06,-585.427129408E-03
+1.817400E-06,-562.814064324E-03
+1.820000E-06,-643.216073513E-03
+1.822600E-06,-650.753761875E-03
+1.825200E-06,-698.492454831E-03
+1.827800E-06,-746.231147787E-03
+1.830400E-06,-738.693459425E-03
+1.833000E-06,-763.819087297E-03
+1.835600E-06,-844.221096486E-03
+1.838200E-06,-866.834161570E-03
+1.840800E-06,-884.422101080E-03
+1.843400E-06,-884.422101080E-03
+1.846000E-06,-962.311547482E-03
+1.848600E-06,-884.422101080E-03
+1.851200E-06,-924.623105675E-03
+1.853800E-06,-947.236170759E-03
+1.856400E-06,-924.623105675E-03
+1.859000E-06,-884.422101080E-03
+1.861600E-06,-932.160794036E-03
+1.864200E-06,-947.236170759E-03
+1.866800E-06,-899.497477803E-03
+1.869400E-06,-874.371849932E-03
+1.872000E-06,-881.909538293E-03
+1.874600E-06,-866.834161570E-03
+1.877200E-06,-819.095468614E-03
+1.879800E-06,-819.095468614E-03
+1.882400E-06,-763.819087297E-03
+1.885000E-06,-723.618082702E-03
+1.887600E-06,-746.231147787E-03
+1.890200E-06,-698.492454831E-03
+1.892800E-06,-643.216073513E-03
+1.895400E-06,-713.567831554E-03
+1.898000E-06,-643.216073513E-03
+1.900600E-06,-570.351752685E-03
+1.903200E-06,-618.090445641E-03
+1.905800E-06,-610.552757280E-03
+1.908400E-06,-570.351752685E-03
+1.911000E-06,-603.015068918E-03
+1.913600E-06,-592.964817770E-03
+1.916200E-06,-562.814064324E-03
+1.918800E-06,-585.427129408E-03
+1.921400E-06,-570.351752685E-03
+1.924000E-06,-600.502506131E-03
+1.926600E-06,-570.351752685E-03
+1.929200E-06,-603.015068918E-03
+1.931800E-06,-603.015068918E-03
+1.934400E-06,-570.351752685E-03
+1.937000E-06,-643.216073513E-03
+1.939600E-06,-650.753761875E-03
+1.942200E-06,-650.753761875E-03
+1.944800E-06,-665.829138597E-03
+1.947400E-06,-673.366826959E-03
+1.950000E-06,-721.105519915E-03
+1.952600E-06,-650.753761875E-03
+1.955200E-06,-698.492454831E-03
+1.957800E-06,-723.618082702E-03
+1.960400E-06,-683.417078108E-03
+1.963000E-06,-683.417078108E-03
+1.965600E-06,-723.618082702E-03
+1.968200E-06,-731.155771064E-03
+1.970800E-06,-723.618082702E-03
+1.973400E-06,-753.768836148E-03
+1.976000E-06,-723.618082702E-03
+1.978600E-06,-713.567831554E-03
+1.981200E-06,-698.492454831E-03
+1.983800E-06,-713.567831554E-03
+1.986400E-06,-723.618082702E-03
+1.989000E-06,-683.417078108E-03
+1.991600E-06,-683.417078108E-03
+1.994200E-06,-706.030143192E-03
+1.996800E-06,-643.216073513E-03
+1.999400E-06,-673.366826959E-03
+2.002000E-06,-680.904515320E-03
+2.004600E-06,-643.216073513E-03
+2.007200E-06,-658.291450236E-03
+2.009800E-06,-603.015068918E-03
+2.012400E-06,-610.552757280E-03
+2.015000E-06,-643.216073513E-03
+2.017600E-06,-570.351752685E-03
+2.020200E-06,-585.427129408E-03
+2.022800E-06,-570.351752685E-03
+2.025400E-06,-562.814064324E-03
+2.028000E-06,-562.814064324E-03
+2.030600E-06,-570.351752685E-03
+2.033200E-06,-562.814064324E-03
+2.035800E-06,-585.427129408E-03
+2.038400E-06,-570.351752685E-03
+2.041000E-06,-562.814064324E-03
+2.043600E-06,-603.015068918E-03
+2.046200E-06,-585.427129408E-03
+2.048800E-06,-603.015068918E-03
+2.051400E-06,-592.964817770E-03
+2.054000E-06,-600.502506131E-03
+2.056600E-06,-603.015068918E-03
+2.059200E-06,-603.015068918E-03
+2.061800E-06,-618.090445641E-03
+2.064400E-06,-603.015068918E-03
+2.067000E-06,-603.015068918E-03
+2.069600E-06,-643.216073513E-03
+2.072200E-06,-603.015068918E-03
+2.074800E-06,-603.015068918E-03
+2.077400E-06,-603.015068918E-03
+2.080000E-06,-603.015068918E-03
+2.082600E-06,-603.015068918E-03
+2.085200E-06,-618.090445641E-03
+2.087800E-06,-603.015068918E-03
+2.090400E-06,-610.552757280E-03
+2.093000E-06,-603.015068918E-03
+2.095600E-06,-603.015068918E-03
+2.098200E-06,-603.015068918E-03
+2.100800E-06,-562.814064324E-03
+2.103400E-06,-603.015068918E-03
+2.106000E-06,-600.502506131E-03
+2.108600E-06,-562.814064324E-03
+2.111200E-06,-603.015068918E-03
+2.113800E-06,-562.814064324E-03
+2.116400E-06,-562.814064324E-03
+2.119000E-06,-603.015068918E-03
+2.121600E-06,-530.150748091E-03
+2.124200E-06,-562.814064324E-03
+2.126800E-06,-545.226124814E-03
+2.129400E-06,-530.150748091E-03
+2.132000E-06,-560.301501537E-03
+2.134600E-06,-522.613059729E-03
+2.137200E-06,-505.025120219E-03
+2.139800E-06,-545.226124814E-03
+2.142400E-06,-497.487431858E-03
+2.145000E-06,-522.613059729E-03
+2.147600E-06,-489.949743496E-03
+2.150200E-06,-530.150748091E-03
+2.152800E-06,-522.613059729E-03
+2.155400E-06,-522.613059729E-03
+2.158000E-06,-560.301501537E-03
+2.160600E-06,-522.613059729E-03
+2.163200E-06,-522.613059729E-03
+2.165800E-06,-522.613059729E-03
+2.168400E-06,-522.613059729E-03
+2.171000E-06,-522.613059729E-03
+2.173600E-06,-530.150748091E-03
+2.176200E-06,-522.613059729E-03
+2.178800E-06,-537.688436452E-03
+2.181400E-06,-562.814064324E-03
+2.184000E-06,-560.301501537E-03
+2.186600E-06,-552.763813175E-03
+2.189200E-06,-537.688436452E-03
+2.191800E-06,-562.814064324E-03
+2.194400E-06,-552.763813175E-03
+2.197000E-06,-600.502506131E-03
+2.199600E-06,-585.427129408E-03
+2.202200E-06,-562.814064324E-03
+2.204800E-06,-537.688436452E-03
+2.207400E-06,-592.964817770E-03
+2.210000E-06,-562.814064324E-03
+2.212600E-06,-522.613059729E-03
+2.215200E-06,-522.613059729E-03
+2.217800E-06,-545.226124814E-03
+2.220400E-06,-530.150748091E-03
+2.223000E-06,-562.814064324E-03
+2.225600E-06,-497.487431858E-03
+2.228200E-06,-522.613059729E-03
+2.230800E-06,-545.226124814E-03
+2.233400E-06,-522.613059729E-03
+2.236000E-06,-560.301501537E-03
+2.238600E-06,-489.949743496E-03
+2.241200E-06,-497.487431858E-03
+2.243800E-06,-497.487431858E-03
+2.246400E-06,-489.949743496E-03
+2.249000E-06,-482.412055135E-03
+2.251600E-06,-489.949743496E-03
+2.254200E-06,-482.412055135E-03
+2.256800E-06,-482.412055135E-03
+2.259400E-06,-449.748738902E-03
+2.262000E-06,-520.100496942E-03
+2.264600E-06,-472.361803986E-03
+2.267200E-06,-482.412055135E-03
+2.269800E-06,-505.025120219E-03
+2.272400E-06,-489.949743496E-03
+2.275000E-06,-482.412055135E-03
+2.277600E-06,-522.613059729E-03
+2.280200E-06,-482.412055135E-03
+2.282800E-06,-522.613059729E-03
+2.285400E-06,-512.562808581E-03
+2.288000E-06,-520.100496942E-03
+2.290600E-06,-512.562808581E-03
+2.293200E-06,-505.025120219E-03
+2.295800E-06,-497.487431858E-03
+2.298400E-06,-512.562808581E-03
+2.301000E-06,-482.412055135E-03
+2.303600E-06,-522.613059729E-03
+2.306200E-06,-522.613059729E-03
+2.308800E-06,-497.487431858E-03
+2.311400E-06,-522.613059729E-03
+2.314000E-06,-522.613059729E-03
+2.316600E-06,-522.613059729E-03
+2.319200E-06,-522.613059729E-03
+2.321800E-06,-505.025120219E-03
+2.324400E-06,-489.949743496E-03
+2.327000E-06,-520.100496942E-03
+2.329600E-06,-489.949743496E-03
+2.332200E-06,-505.025120219E-03
+2.334800E-06,-505.025120219E-03
+2.337400E-06,-482.412055135E-03
+2.340000E-06,-520.100496942E-03
+2.342600E-06,-482.412055135E-03
+2.345200E-06,-457.286427263E-03
+2.347800E-06,-482.412055135E-03
+2.350400E-06,-449.748738902E-03
+2.353000E-06,-482.412055135E-03
+2.355600E-06,-482.412055135E-03
+2.358200E-06,-482.412055135E-03
+2.360800E-06,-482.412055135E-03
+2.363400E-06,-442.211050540E-03
+2.366000E-06,-479.899492348E-03
+2.368600E-06,-472.361803986E-03
+2.371200E-06,-457.286427263E-03
+2.373800E-06,-482.412055135E-03
+2.376400E-06,-449.748738902E-03
+2.379000E-06,-442.211050540E-03
+2.381600E-06,-449.748738902E-03
+2.384200E-06,-442.211050540E-03
+2.386800E-06,-432.160799392E-03
+2.389400E-06,-442.211050540E-03
+2.392000E-06,-442.211050540E-03
+2.394600E-06,-464.824115625E-03
+2.397200E-06,-442.211050540E-03
+2.399800E-06,-457.286427263E-03
+2.402400E-06,-482.412055135E-03
+2.405000E-06,-479.899492348E-03
+2.407600E-06,-512.562808581E-03
+2.410200E-06,-482.412055135E-03
+2.412800E-06,-442.211050540E-03
+2.415400E-06,-482.412055135E-03
+2.418000E-06,-482.412055135E-03
+2.420600E-06,-482.412055135E-03
+2.423200E-06,-505.025120219E-03
+2.425800E-06,-482.412055135E-03
+2.428400E-06,-442.211050540E-03
+2.431000E-06,-482.412055135E-03
+2.433600E-06,-449.748738902E-03
+2.436200E-06,-464.824115625E-03
+2.438800E-06,-464.824115625E-03
+2.441400E-06,-449.748738902E-03
+2.444000E-06,-520.100496942E-03
+2.446600E-06,-449.748738902E-03
+2.449200E-06,-442.211050540E-03
+2.451800E-06,-464.824115625E-03
+2.454400E-06,-449.748738902E-03
+2.457000E-06,-442.211050540E-03
+2.459600E-06,-442.211050540E-03
+2.462200E-06,-424.623111030E-03
+2.464800E-06,-442.211050540E-03
+2.467400E-06,-432.160799392E-03
+2.470000E-06,-479.899492348E-03
+2.472600E-06,-442.211050540E-03
+2.475200E-06,-417.085422669E-03
+2.477800E-06,-464.824115625E-03
+2.480400E-06,-442.211050540E-03
+2.483000E-06,-402.010045946E-03
+2.485600E-06,-449.748738902E-03
+2.488200E-06,-442.211050540E-03
+2.490800E-06,-417.085422669E-03
+2.493400E-06,-409.547734307E-03
+2.496000E-06,-439.698487753E-03
+2.498600E-06,-432.160799392E-03
+2.501200E-06,-402.010045946E-03
+2.503800E-06,-417.085422669E-03
+2.506400E-06,-442.211050540E-03
+2.509000E-06,-402.010045946E-03
+2.511600E-06,-432.160799392E-03
+2.514200E-06,-442.211050540E-03
+2.516800E-06,-442.211050540E-03
+2.519400E-06,-442.211050540E-03
+2.522000E-06,-442.211050540E-03
+2.524600E-06,-432.160799392E-03
+2.527200E-06,-442.211050540E-03
+2.529800E-06,-442.211050540E-03
+2.532400E-06,-409.547734307E-03
+2.535000E-06,-439.698487753E-03
+2.537600E-06,-402.010045946E-03
+2.540200E-06,-409.547734307E-03
+2.542800E-06,-409.547734307E-03
+2.545400E-06,-402.010045946E-03
+2.548000E-06,-399.497483158E-03
+2.550600E-06,-376.884418074E-03
+2.553200E-06,-402.010045946E-03
+2.555800E-06,-402.010045946E-03
+2.558400E-06,-369.346729713E-03
+2.561000E-06,-402.010045946E-03
+2.563600E-06,-369.346729713E-03
+2.566200E-06,-384.422106436E-03
+2.568800E-06,-361.809041351E-03
+2.571400E-06,-391.959794797E-03
+2.574000E-06,-399.497483158E-03
+2.576600E-06,-402.010045946E-03
+2.579200E-06,-351.758790202E-03
+2.581800E-06,-424.623111030E-03
+2.584400E-06,-402.010045946E-03
+2.587000E-06,-361.809041351E-03
+2.589600E-06,-369.346729713E-03
+2.592200E-06,-402.010045946E-03
+2.594800E-06,-391.959794797E-03
+2.597400E-06,-391.959794797E-03
